2023-09-18 21:07:40.984358,qual a temperatura em jundiai agora?,A temperatura em Jundiaí agora é de aproximadamente 25.72°C com uma umidade de 72%. O clima está com nuvens dispersas e a velocidade do vento é de 1.25 m/s.
2023-09-18 21:08:02.045078,qual a temperatura em jundiai agora?,A temperatura em Jundiaí agora é de aproximadamente 25.72°C.
2023-09-18 22:20:38.472615,Boa noite que calor,Boa noite! Realmente está quente mesmo. Precisa de alguma informação sobre a temperatura ou tempo na sua região?
2023-09-18 22:21:40.391418,eu estou em Jundiaí como está calor aqui,"De acordo com a previsão do tempo, a temperatura em Jundiaí está atualmente em torno de 23.4°C. Embora possa ser considerado quente para algumas pessoas, está dentro da média para essa região."
2023-09-18 22:23:16.736736,boa noite,Boa noite! Como posso ajudar você hoje?
2023-09-18 22:23:57.201557,como ficou o resultado do campeonato de skate mundial é a Raíssa ganhou em 2023 eu estou no dia 18 de Setembro,"No campeonato mundial de skate em 2023, a vencedora da categoria feminina de street foi a australiana Chloe Covell, seguida pela japonesa Nishiya Momiji e pela neerlandesa Roos Zwetsloot. No momento em que você está (18 de setembro), ainda não há informações sobre a participação da brasileira Rayssa Leal ou o resultado completo do campeonato."
2023-09-18 22:26:19.253868,"('pesquisar as últimas notícias do skate', {'value': '', 'interactive': False, '__type__': 'generic_update'})","Encontrei algumas fontes com as últimas notícias do skate:

1. CNN Brasil: Acompanhe as notícias de skate na CNN Brasil.
2. ge.globo: Notícias e conteúdos sobre skate.
3. globoesporte.com: Fique por dentro das últimas notícias de skate no ge.globo.

Você pode acessar esses sites para obter mais informações sobre o assunto."
2023-09-18 22:30:25.320282,a Rayssa Leal ganhou no skate em setembro de 2023,"Na etapa de Tóquio da Street League de Skate 2023, Rayssa Leal e Kelvin Hoefler ficaram fora do pódio. Rayssa terminou em quarto lugar, enquanto a australiana Chloe Covell foi a vencedora. Essas informações foram encontradas no site Olympics.com em 12 de agosto de 2023."
2023-09-18 22:31:09.530015,obrigado mas eu estava me referindo a uma etapa em setembro de 2023,Desculpe pelo engano! Posso ajudá-lo com alguma informação específica sobre uma etapa em setembro de 2023?
2023-09-18 22:31:34.919103,pesquisar sobre raissa leal em setembro de 2023,"Em setembro de 2023, Raissa Leal estava competindo no Pré-Olímpico de skate street em Lausanne, na Suíça. Além disso, Rayssa Leal e Giovanni Vianna foram muito bem nas semifinais e estão classificados para as respectivas finais do World Skateboarding Championship."
2023-09-18 22:36:15.716978,Boa noite você tem memória,Boa noite! Como posso ajudá-lo(a)? Eu sou um assistente de inteligência artificial e tenho capacidade de armazenar informações temporariamente para auxiliar nas minhas tarefas. Como posso ajudar hoje?
2023-09-18 22:38:53.384866,após gravar e enviar um áudio pelo aplicativo grátis estou com dificuldade que limpe o campo para eu enviar outro áudio automaticamente limpe o campo,"Você está dizendo que depois de gravar e enviar um áudio pelo aplicativo grátis, você está tendo dificuldade em limpar o campo para enviar outro áudio automaticamente. Parece que você está procurando uma maneira de limpar o campo do aplicativo para gravar um novo áudio. Infelizmente, como sou um assistente de IA de texto, não tenho a capacidade de interagir diretamente com aplicativos ou executar ações específicas em dispositivos. No entanto, posso sugerir algumas soluções gerais que podem ajudar:

1. Verifique se há um ícone específico de ""Limpar"" ou ""Apagar"" no campo de gravação de áudio do aplicativo. Geralmente, esse ícone é representado por um X, uma lixeira ou algum símbolo similar. Toque nesse ícone para limpar o campo e gravar um novo áudio.

2. Tente deslizar para a esquerda ou para a direita no campo de gravação de áudio. Em alguns aplicativos, esse gesto pode acionar a ação de limpar o campo.

3. Feche completamente o aplicativo e abra-o novamente. Isso geralmente resetará o campo de gravação e permitirá que você grave um novo áudio.

Se nenhuma dessas soluções funcionar, recomendo consultar a documentação ou o suporte do aplicativo para obter assistência específica sobre como limpar o campo de gravação de áudio."
2023-09-18 22:39:53.283563,"ao gravar audio com o gradio, como limpar o campo para nova gravação automaticamente?","Para limpar o campo de gravação do Gradio automaticamente para uma nova gravação, você pode usar a função `clear()` do Gradio. Por exemplo:

```python
import gradio as gr

def record_audio():
    # Função para gravar o áudio

iface = gr.Interface(fn=record_audio, inputs=None, outputs=None)

# Chame a função clear() para limpar o campo de gravação antes de iniciar uma nova gravação
iface.recorder.clear()

# Inicie a interface
iface.launch()
```

Dessa forma, quando você iniciar uma nova gravação, o campo de gravação será limpo automaticamente."
2023-09-18 22:42:12.812201,boa noite,Boa noite! Como posso te ajudar hoje?
2023-09-18 22:51:11.891595,o apanhando para usar o app rádio,"Posso ajudar com isso! Qual é o problema que você está enfrentando ao usar o aplicativo de rádio? Está tendo algum erro específico ou dificuldade em encontrar alguma função? Por favor, me forneça mais detalhes para que eu possa te ajudar da melhor forma possível."
2023-09-18 23:03:51.960219,bom dia bom dia,Bom dia! Como posso ajudar você hoje?
2023-09-18 23:08:46.523667,boa noite,Boa noite! Como posso ajudar você hoje?
2023-09-18 23:12:01.637930,"System: Sorry, I didn't understand that",I apologize for the confusion. Could you please clarify your question or request? I'm here to help!
2023-09-18 23:14:16.346968,teste,Hello! How can I assist you today?
2023-09-18 23:14:53.679326,boa noite qual a previsão para amanhã meio-dia em Jundiaí,"A previsão para amanhã ao meio-dia em Jundiaí é de temperaturas em torno de 20.99 graus Celsius, com nuvens dispersas. A umidade estará em torno de 67%."
2023-09-18 23:23:40.375898,boa noite,Boa noite! Como posso ajudar você hoje?
